Gender,Married,Dependents,Education,Self_Employed,LoanAmount,Loan_Amount_Term,Credit_History,Property_Area,Loan_Status,Income
1.0,1.0,1,1.0,0.0,6.243267122915216,30.0,1.0,0.0,0.0,1.8649670594338073
1.0,1.0,0,1.0,1.0,5.202610204314605,30.0,1.0,2.0,1.0,1.8565558445306074
1.0,1.0,0,0.0,0.0,6.138816367075343,30.0,1.0,2.0,1.0,1.8628018633631303
1.0,0.0,0,1.0,0.0,6.401083150986184,30.0,1.0,2.0,1.0,1.8648192000743822
1.0,1.0,2,1.0,1.0,7.481930775594004,30.0,1.0,2.0,1.0,1.8689316730292063
1.0,1.0,0,0.0,0.0,5.766309011039522,30.0,1.0,2.0,1.0,1.8598819386390448
1.0,1.0,3,1.0,0.0,6.5887709259774985,30.0,0.0,1.0,0.0,1.8640156609298397
1.0,1.0,2,1.0,0.0,6.6908430157239716,30.0,1.0,2.0,1.0,1.8640007872116202
1.0,1.0,1,1.0,0.0,7.956235835041845,30.0,1.0,1.0,0.0,1.8744585262034754
1.0,1.0,2,1.0,0.0,5.292293121367772,30.0,1.0,2.0,1.0,1.8600456881552592
1.0,1.0,2,1.0,0.0,5.984458178373529,30.0,1.0,2.0,1.0,1.8613339462494727
1.0,1.0,2,1.0,0.0,6.984274434388326,30.0,1.0,2.0,1.0,1.8700452989463547
1.0,0.0,0,1.0,0.0,6.056280945443037,30.0,1.0,0.0,0.0,1.8622310862643956
1.0,1.0,2,1.0,0.0,3.274788194631445,10.0,1.0,2.0,1.0,1.8530793878157725
1.0,0.0,0,1.0,0.0,6.2048054220362925,30.0,1.0,2.0,1.0,1.8628217502775448
0.0,0.0,0,1.0,0.0,5.4185244564805055,30.0,0.0,2.0,0.0,1.85870235777316
1.0,1.0,0,0.0,0.0,6.30560267484538,30.0,1.0,0.0,0.0,1.8626813666009359
1.0,1.0,0,0.0,0.0,5.909606245765788,30.0,0.0,2.0,0.0,1.8670783647672775
1.0,1.0,1,1.0,0.0,7.77321299406559,30.0,1.0,2.0,1.0,1.8702927464501204
1.0,1.0,0,0.0,0.0,6.0842184171510105,30.0,0.0,1.0,0.0,1.8617819594982894
1.0,1.0,2,0.0,0.0,6.027898767330806,30.0,0.0,0.0,0.0,1.863518732965824
1.0,1.0,0,1.0,1.0,6.906286618715503,30.0,1.0,1.0,1.0,1.8688891592794374
1.0,1.0,0,1.0,0.0,6.165503690276121,30.0,1.0,1.0,1.0,1.863043332031749
1.0,1.0,2,0.0,0.0,5.999056670159687,30.0,1.0,2.0,1.0,1.863486693460804
1.0,0.0,0,0.0,0.0,4.2685614333385455,30.0,1.0,2.0,0.0,1.8437957662666944
0.0,0.0,2,1.0,0.0,6.138816367075343,30.0,1.0,1.0,1.0,1.8645387181385316
1.0,0.0,0,1.0,0.0,5.37747637482332,30.0,1.0,2.0,0.0,1.8573167794153267
1.0,0.0,1,1.0,1.0,5.939927764779835,30.0,1.0,0.0,0.0,1.8622286916281792
1.0,1.0,0,1.0,0.0,6.056280945443037,30.0,1.0,1.0,1.0,1.8632850823919955
1.0,0.0,3,1.0,0.0,7.801211582624801,30.0,1.0,0.0,0.0,1.872171604367308
0.0,1.0,0,1.0,0.0,6.435634679423543,30.0,1.0,1.0,1.0,1.8631998460682555
1.0,0.0,0,1.0,0.0,6.843308056783503,30.0,1.0,2.0,1.0,1.8701685316034562
1.0,0.0,0,0.0,0.0,5.999056670159687,30.0,1.0,1.0,1.0,1.863781351532131
1.0,0.0,0,1.0,0.0,5.497783788283398,30.0,1.0,2.0,0.0,1.8590320481546727
1.0,0.0,0,1.0,0.0,4.69531369635028,30.0,1.0,2.0,1.0,1.856617388294323
1.0,1.0,0,1.0,0.0,6.317816096457727,30.0,1.0,1.0,1.0,1.8652590087840246
1.0,1.0,1,1.0,0.0,4.598738585355409,30.0,1.0,2.0,1.0,1.864215092272873
1.0,1.0,0,1.0,0.0,6.435634679423543,30.0,1.0,2.0,1.0,1.8645180905336418
0.0,1.0,0,1.0,0.0,6.138816367075343,30.0,0.0,2.0,0.0,1.8649574148154062
0.0,0.0,0,1.0,0.0,6.435634679423543,30.0,1.0,1.0,1.0,1.865255940168956
0.0,1.0,0,0.0,0.0,5.847354876514337,30.0,1.0,1.0,1.0,1.8589308416599053
0.0,0.0,0,1.0,0.0,6.138816367075343,30.0,1.0,1.0,1.0,1.8569555779853397
0.0,0.0,0,1.0,0.0,6.027898767330806,30.0,1.0,1.0,0.0,1.8610311991685242
1.0,1.0,2,1.0,0.0,6.317816096457727,30.0,1.0,2.0,0.0,1.8620443813955596
0.0,1.0,1,1.0,1.0,7.602464489562264,30.0,0.0,2.0,0.0,1.8702444369282625
1.0,1.0,2,1.0,0.0,5.799177796159254,30.0,1.0,1.0,1.0,1.8599658310671536
1.0,1.0,0,1.0,0.0,5.782820450583205,30.0,1.0,1.0,1.0,1.8594627503408603
1.0,1.0,0,1.0,0.0,6.329947751539231,30.0,1.0,0.0,0.0,1.8640637742903696
1.0,1.0,1,1.0,0.0,6.8063452619973255,30.0,1.0,2.0,1.0,1.8694736156511278
1.0,1.0,2,0.0,0.0,6.435634679423543,30.0,1.0,2.0,1.0,1.8651647370357383
1.0,1.0,0,1.0,0.0,6.138816367075343,30.0,1.0,2.0,1.0,1.8652880861592358
1.0,1.0,3,1.0,0.0,5.831442135506376,30.0,1.0,2.0,1.0,1.8566925786914072
1.0,1.0,0,0.0,1.0,6.660808764909213,15.0,0.0,0.0,0.0,1.8649138331989128
0.0,0.0,0,1.0,0.0,6.0842184171510105,30.0,0.0,1.0,0.0,1.8608494486321754
1.0,1.0,0,1.0,0.0,7.422117261061393,30.0,1.0,1.0,0.0,1.8694671721922684
1.0,0.0,0,0.0,0.0,6.21771744481677,15.0,0.0,2.0,0.0,1.8638540221386777
1.0,1.0,1,1.0,0.0,7.75622122047469,30.0,1.0,2.0,1.0,1.8697650672474728
1.0,1.0,3,0.0,1.0,6.2048054220362925,5.0,1.0,2.0,1.0,1.8664072979272808
0.0,0.0,0,1.0,0.0,6.341998787136841,30.0,0.0,1.0,0.0,1.861225229033151
1.0,1.0,0,1.0,0.0,6.730146443586934,30.0,1.0,2.0,1.0,1.8652544052998556
1.0,1.0,2,0.0,1.0,5.799177796159254,30.0,1.0,1.0,1.0,1.859554389000981
1.0,0.0,0,1.0,0.0,5.517040456019043,25.0,1.0,1.0,1.0,1.8586649262756956
1.0,1.0,3,1.0,1.0,6.870558466469408,30.0,1.0,1.0,1.0,1.8663305860855897
1.0,0.0,0,1.0,0.0,6.042146377176035,40.0,1.0,2.0,0.0,1.859554389000981
1.0,0.0,0,1.0,0.0,6.768635588009948,30.0,1.0,2.0,0.0,1.8679552868877924
1.0,1.0,1,1.0,1.0,5.999056670159687,30.0,1.0,2.0,0.0,1.8604244301321942
1.0,1.0,3,1.0,0.0,6.8063452619973255,25.0,0.0,1.0,0.0,1.8664917950668678
0.0,0.0,0,1.0,0.0,6.013536190349735,30.0,1.0,1.0,1.0,1.8598722029079684
0.0,1.0,2,1.0,0.0,6.680885619139935,30.0,1.0,2.0,0.0,1.857710254603439
1.0,1.0,1,1.0,0.0,4.786491420413053,20.0,1.0,2.0,1.0,1.8603206639064391
1.0,0.0,0,1.0,0.0,6.341998787136841,30.0,1.0,1.0,1.0,1.862703834208216
1.0,1.0,0,1.0,0.0,5.909606245765788,30.0,1.0,1.0,1.0,1.8620492910873843
1.0,0.0,0,1.0,0.0,7.067306085428102,30.0,1.0,2.0,1.0,1.8680185575147337
1.0,1.0,0,1.0,0.0,6.759087697649039,30.0,1.0,1.0,1.0,1.8691267048129847
1.0,1.0,0,1.0,0.0,6.280925817610443,30.0,1.0,1.0,1.0,1.8645814843683575
1.0,1.0,2,1.0,0.0,6.879554528421178,15.0,1.0,1.0,1.0,1.8704832925594856
1.0,1.0,2,0.0,0.0,5.517040456019043,30.0,1.0,2.0,1.0,1.8631304794323045
1.0,0.0,0,1.0,0.0,6.165503690276121,30.0,1.0,1.0,1.0,1.8607540539797318
1.0,0.0,0,0.0,0.0,3.7965961681968925,10.0,1.0,1.0,1.0,1.859103603679528
0.0,1.0,0,1.0,0.0,6.353970325917701,30.0,1.0,1.0,1.0,1.8624504289382875
1.0,1.0,0,1.0,0.0,4.786491420413053,30.0,1.0,1.0,1.0,1.8564315235261317
1.0,1.0,0,0.0,0.0,6.070304348895384,15.0,1.0,1.0,1.0,1.8609124048191676
1.0,1.0,0,1.0,0.0,6.280925817610443,30.0,1.0,1.0,1.0,1.8635546002725325
1.0,1.0,2,0.0,0.0,6.30560267484538,15.0,1.0,2.0,1.0,1.8669537404212595
1.0,0.0,0,1.0,0.0,6.513800876328528,30.0,1.0,1.0,1.0,1.8680970736331164
1.0,1.0,0,1.0,0.0,6.60964167199906,30.0,1.0,2.0,1.0,1.8619305520338714
1.0,1.0,1,1.0,0.0,5.847354876514337,30.0,1.0,2.0,1.0,1.8606043095388112
1.0,1.0,2,1.0,0.0,7.185411793621415,30.0,1.0,2.0,1.0,1.8708367797409389
1.0,0.0,0,0.0,0.0,6.138816367075343,30.0,1.0,0.0,0.0,1.8666960323698913
1.0,1.0,2,1.0,0.0,7.115432204829148,30.0,0.0,2.0,0.0,1.8667764723070996
1.0,1.0,3,0.0,0.0,5.749640380710735,40.0,1.0,1.0,1.0,1.8556855812604425
1.0,0.0,0,1.0,0.0,6.341998787136841,30.0,1.0,2.0,1.0,1.8635863261186552
0.0,1.0,0,1.0,0.0,6.377679285924977,30.0,1.0,1.0,1.0,1.863478660288451
1.0,0.0,0,1.0,0.0,6.1117256402240185,30.0,1.0,1.0,1.0,1.8630390532499232
1.0,1.0,1,1.0,0.0,6.8524356786469625,15.0,1.0,0.0,1.0,1.871802304815529
0.0,1.0,0,1.0,0.0,6.546306075960296,30.0,1.0,1.0,1.0,1.8638464091469926
1.0,1.0,0,1.0,0.0,6.759087697649039,30.0,1.0,0.0,0.0,1.8671346275242973
0.0,0.0,0,1.0,0.0,7.428855144593077,30.0,1.0,2.0,1.0,1.8695291011982111
1.0,1.0,0,1.0,0.0,6.8063452619973255,30.0,1.0,0.0,1.0,1.86779277317378
0.0,0.0,0,1.0,0.0,4.598738585355409,30.0,1.0,1.0,1.0,1.8608494486321754
0.0,0.0,0,1.0,0.0,6.353970325917701,30.0,0.0,1.0,1.0,1.8700058249464164
1.0,1.0,2,1.0,0.0,5.517040456019043,30.0,1.0,1.0,1.0,1.8563493333073067
1.0,1.0,0,0.0,0.0,6.932643411958493,30.0,1.0,0.0,1.0,1.86531550949451
1.0,1.0,3,1.0,0.0,8.06141213256837,30.0,1.0,0.0,1.0,1.8744573304697754
1.0,1.0,1,1.0,1.0,6.60964167199906,15.0,0.0,2.0,0.0,1.8717083747830696
1.0,0.0,0,1.0,0.0,5.37747637482332,30.0,1.0,2.0,1.0,1.8601812250869771
1.0,0.0,0,1.0,0.0,5.292293121367772,30.0,1.0,1.0,1.0,1.8551116744432172
1.0,1.0,0,1.0,1.0,3.7965961681968925,10.0,1.0,1.0,1.0,1.858509728617355
1.0,0.0,0,1.0,0.0,5.87875525112888,30.0,1.0,1.0,1.0,1.862699346308861
1.0,1.0,3,1.0,0.0,7.6269182214165525,30.0,1.0,1.0,0.0,1.8703937275160902
0.0,1.0,0,1.0,0.0,5.573553034706746,30.0,1.0,0.0,0.0,1.8619628984527516
1.0,1.0,2,1.0,1.0,5.64614154505715,30.0,1.0,2.0,1.0,1.8660351132820276
1.0,0.0,0,1.0,0.0,7.310985062582629,30.0,0.0,1.0,0.0,1.8719741208650384
1.0,1.0,2,0.0,0.0,6.255907487925236,30.0,1.0,0.0,0.0,1.8641807548257974
1.0,1.0,2,1.0,0.0,6.8524356786469625,30.0,1.0,0.0,0.0,1.8664389689516043
1.0,0.0,0,1.0,0.0,6.6908430157239716,30.0,1.0,2.0,1.0,1.8637832739102083
1.0,0.0,0,1.0,1.0,6.759087697649039,15.0,1.0,1.0,1.0,1.866213622371703
1.0,1.0,0,1.0,0.0,6.165503690276121,30.0,1.0,1.0,1.0,1.8623238719861797
1.0,1.0,2,1.0,0.0,6.870558466469408,15.0,1.0,2.0,1.0,1.870397837582937
0.0,1.0,0,1.0,0.0,5.847354876514337,30.0,1.0,1.0,1.0,1.8660351132820276
0.0,1.0,2,1.0,0.0,5.292293121367772,30.0,1.0,2.0,1.0,1.8719199904137065
1.0,1.0,1,1.0,0.0,4.0503664052484085,30.0,1.0,2.0,1.0,1.8563784240449266
0.0,0.0,0,1.0,0.0,7.185411793621415,30.0,1.0,0.0,0.0,1.8703441125602749
1.0,1.0,0,1.0,0.0,6.2048054220362925,30.0,1.0,1.0,1.0,1.8642885899414603
1.0,0.0,0,1.0,0.0,6.1117256402240185,30.0,0.0,0.0,0.0,1.8652590087840246
1.0,1.0,0,1.0,1.0,6.524700029460166,30.0,1.0,0.0,1.0,1.8653352409134734
1.0,0.0,0,1.0,0.0,7.325232176499156,30.0,1.0,2.0,0.0,1.8685613988355771
1.0,1.0,2,0.0,0.0,6.042146377176035,30.0,1.0,0.0,0.0,1.8523532123785778
1.0,0.0,0,1.0,0.0,4.786491420413053,30.0,1.0,2.0,1.0,1.8576893086145956
1.0,1.0,3,1.0,0.0,8.955539930921892,15.0,0.0,1.0,1.0,1.8766097749072463
1.0,1.0,1,1.0,0.0,6.870558466469408,30.0,1.0,2.0,1.0,1.8688714059251135
1.0,0.0,0,1.0,0.0,6.138816367075343,30.0,1.0,0.0,1.0,1.8630668190604407
1.0,1.0,0,1.0,0.0,7.4017616215032165,30.0,1.0,1.0,1.0,1.869385532184608
1.0,1.0,0,0.0,0.0,5.815384052420497,30.0,1.0,1.0,1.0,1.8560883807012665
1.0,1.0,0,1.0,0.0,7.533593808255408,30.0,1.0,2.0,0.0,1.867378916538394
1.0,1.0,1,1.0,0.0,6.152209660452922,30.0,0.0,1.0,0.0,1.8614118116758127
1.0,1.0,2,1.0,0.0,6.5887709259774985,30.0,1.0,0.0,1.0,1.8641517011838344
1.0,1.0,0,1.0,0.0,5.398123578596906,15.0,1.0,2.0,1.0,1.8686945437678788
0.0,1.0,0,1.0,0.0,6.027898767330806,30.0,1.0,0.0,0.0,1.8619628984527516
1.0,1.0,0,1.0,0.0,6.255907487925236,30.0,1.0,0.0,1.0,1.8644331807618524
1.0,0.0,0,1.0,0.0,5.132077976206488,40.0,0.0,1.0,0.0,1.8520305270394535
1.0,1.0,2,1.0,0.0,6.984274434388326,30.0,1.0,1.0,1.0,1.8674502689425942
1.0,1.0,0,0.0,0.0,5.766309011039522,30.0,1.0,0.0,1.0,1.8589924326415534
1.0,1.0,3,1.0,0.0,9.249850799522045,25.0,1.0,2.0,1.0,1.8774776230745736
1.0,1.0,3,0.0,0.0,5.517040456019043,15.0,1.0,0.0,0.0,1.8587470606322483
1.0,1.0,0,1.0,0.0,6.870558466469408,30.0,1.0,1.0,1.0,1.8701419131143568
1.0,1.0,0,0.0,1.0,5.628277265427456,30.0,1.0,1.0,0.0,1.8631029639413863
1.0,1.0,0,1.0,0.0,6.0842184171510105,30.0,1.0,0.0,1.0,1.8638673243266377
1.0,1.0,2,1.0,0.0,5.863125024801839,30.0,1.0,0.0,1.0,1.8592589160959592
1.0,1.0,3,1.0,0.0,8.594555551091247,30.0,0.0,1.0,0.0,1.8726467894233232
1.0,1.0,1,1.0,0.0,6.0842184171510105,30.0,1.0,1.0,1.0,1.859554389000981
1.0,0.0,0,0.0,0.0,5.87875525112888,40.0,0.0,2.0,0.0,1.859668359037562
1.0,1.0,1,1.0,0.0,6.8063452619973255,30.0,0.0,2.0,0.0,1.8713881752063517
1.0,1.0,0,1.0,0.0,5.35657648120262,15.0,1.0,1.0,1.0,1.8620049862788948
1.0,1.0,1,1.0,0.0,7.435569652357967,30.0,1.0,1.0,0.0,1.8759806797435987
0.0,1.0,0,1.0,0.0,5.9697386324104675,30.0,1.0,1.0,1.0,1.8591213980612042
1.0,1.0,0,1.0,1.0,6.138816367075343,30.0,1.0,1.0,1.0,1.8769365717122428
1.0,1.0,1,1.0,1.0,5.202610204314605,25.0,0.0,0.0,0.0,1.8515822614703141
1.0,1.0,0,1.0,1.0,6.6908430157239716,30.0,1.0,0.0,1.0,1.8647697004522414
1.0,1.0,0,1.0,0.0,6.879554528421178,15.0,1.0,0.0,1.0,1.8686987276019729
1.0,0.0,0,0.0,0.0,4.726274130934073,30.0,1.0,0.0,1.0,1.8626768646317666
1.0,0.0,0,1.0,0.0,6.65068806104734,30.0,1.0,1.0,0.0,1.8705382329015905
1.0,1.0,0,0.0,0.0,6.60964167199906,30.0,1.0,2.0,0.0,1.8648732138695836
1.0,0.0,0,1.0,0.0,5.4185244564805055,30.0,1.0,1.0,1.0,1.859911076261527
1.0,0.0,0,1.0,0.0,6.138816367075343,30.0,1.0,0.0,1.0,1.8609209505326776
1.0,1.0,1,1.0,0.0,6.71059878322616,30.0,1.0,1.0,0.0,1.8643206016331226
1.0,0.0,0,1.0,0.0,6.870558466469408,30.0,1.0,0.0,1.0,1.870585193834808
1.0,0.0,0,1.0,1.0,5.554920259888556,30.0,1.0,2.0,0.0,1.8699304077357422
1.0,1.0,1,0.0,0.0,5.681328568446479,30.0,1.0,1.0,1.0,1.863145250971554
1.0,0.0,2,1.0,0.0,6.670874408089854,30.0,0.0,1.0,1.0,1.8627619226735046
1.0,1.0,1,0.0,0.0,6.329947751539231,30.0,1.0,2.0,1.0,1.8619628984527516
1.0,1.0,2,0.0,0.0,6.191800084439305,30.0,1.0,1.0,1.0,1.8600995447398803
0.0,0.0,0,0.0,0.0,6.138816367075343,30.0,1.0,1.0,1.0,1.8615152883414139
0.0,0.0,0,1.0,0.0,5.497783788283398,30.0,1.0,2.0,1.0,1.857647268448982
1.0,0.0,0,0.0,0.0,4.928044873327801,30.0,1.0,0.0,1.0,1.865600762272751
1.0,0.0,0,1.0,0.0,5.033176667525562,30.0,1.0,2.0,1.0,1.8536952300821385
1.0,0.0,0,1.0,0.0,6.230537555004525,30.0,1.0,1.0,0.0,1.8583516888162086
0.0,0.0,0,1.0,0.0,7.099525350815325,30.0,1.0,1.0,0.0,1.8692315793395415
1.0,1.0,3,1.0,0.0,6.243267122915216,30.0,0.0,1.0,0.0,1.8621998949176704
1.0,1.0,1,1.0,1.0,7.296631568645461,30.0,1.0,2.0,1.0,1.867220188239682
1.0,1.0,3,0.0,1.0,6.268459959403866,30.0,1.0,0.0,1.0,1.8643117250142272
1.0,1.0,0,1.0,0.0,6.353970325917701,30.0,1.0,2.0,1.0,1.8651303890987572
1.0,1.0,3,0.0,0.0,5.847354876514337,30.0,1.0,1.0,1.0,1.8625588140239677
1.0,1.0,0,1.0,0.0,6.329947751539231,30.0,1.0,0.0,0.0,1.849658659749205
1.0,1.0,0,1.0,0.0,6.280925817610443,30.0,1.0,1.0,1.0,1.8639447161716027
1.0,1.0,2,1.0,0.0,5.335417279368164,30.0,0.0,1.0,0.0,1.862931233475488
1.0,1.0,0,1.0,0.0,5.058455115694344,30.0,0.0,2.0,0.0,1.85191076683366
1.0,1.0,2,1.0,0.0,6.0842184171510105,30.0,1.0,1.0,1.0,1.8643524591499923
1.0,0.0,0,1.0,0.0,6.435634679423543,30.0,1.0,1.0,1.0,1.8644157165406563
1.0,1.0,0,1.0,0.0,6.243267122915216,30.0,1.0,1.0,1.0,1.8652174557192267
1.0,1.0,0,1.0,0.0,6.71059878322616,30.0,1.0,0.0,0.0,1.8576725163138068
1.0,1.0,0,0.0,1.0,6.365863466860942,30.0,1.0,2.0,0.0,1.8623309608513958
1.0,1.0,2,1.0,0.0,7.067306085428102,30.0,1.0,1.0,1.0,1.867391763764933
1.0,1.0,0,1.0,0.0,6.5887709259774985,40.0,1.0,1.0,1.0,1.8623850813003242
1.0,0.0,0,1.0,1.0,6.984274434388326,30.0,1.0,0.0,1.0,1.8654448984998426
1.0,1.0,1,1.0,0.0,5.909606245765788,30.0,1.0,1.0,1.0,1.861867949700238
1.0,1.0,0,1.0,0.0,4.531006002667174,15.0,1.0,0.0,1.0,1.8594388259143566
0.0,0.0,0,1.0,0.0,7.565200390881122,30.0,1.0,1.0,1.0,1.8677917791803256
1.0,1.0,1,1.0,0.0,6.389418836691364,30.0,1.0,1.0,1.0,1.862786357381832
1.0,1.0,1,1.0,0.0,6.71059878322616,30.0,1.0,0.0,1.0,1.8659589119583488
0.0,0.0,1,1.0,0.0,6.027898767330806,30.0,1.0,0.0,1.0,1.8597610460119636
1.0,1.0,1,1.0,0.0,5.782820450583205,30.0,1.0,1.0,1.0,1.857941536059993
1.0,1.0,2,1.0,0.0,6.138816367075343,30.0,1.0,0.0,1.0,1.8698112851610948
1.0,1.0,1,0.0,0.0,6.389418836691364,15.0,1.0,2.0,0.0,1.8617360324498498
1.0,0.0,0,1.0,0.0,6.557014548077812,5.0,1.0,2.0,1.0,1.8681130130462513
1.0,1.0,2,1.0,1.0,5.9697386324104675,30.0,1.0,0.0,1.0,1.8669525843418708
1.0,1.0,0,0.0,0.0,6.1786999968866265,30.0,1.0,1.0,1.0,1.867259747682752
1.0,0.0,0,1.0,1.0,6.138816367075343,15.0,1.0,2.0,0.0,1.8695113868719877
1.0,1.0,2,1.0,0.0,6.027898767330806,30.0,1.0,2.0,1.0,1.8690030502132366
1.0,1.0,1,0.0,0.0,6.353970325917701,15.0,1.0,2.0,1.0,1.8657471171883568
1.0,1.0,1,1.0,0.0,6.1786999968866265,40.0,1.0,1.0,1.0,1.862307304511306
1.0,1.0,0,1.0,0.0,5.681328568446479,30.0,1.0,2.0,1.0,1.8593042585238135
1.0,1.0,0,0.0,0.0,6.992743731434146,30.0,0.0,1.0,0.0,1.8640490068848827
0.0,0.0,2,1.0,0.0,6.365863466860942,30.0,1.0,2.0,0.0,1.8583866283178014
1.0,0.0,0,0.0,1.0,5.909606245765788,30.0,1.0,0.0,1.0,1.8623663023060895
1.0,1.0,1,0.0,0.0,7.558919943175239,15.0,1.0,1.0,1.0,1.8690492943071788
1.0,0.0,0,1.0,1.0,6.915113365095852,30.0,0.0,2.0,0.0,1.8724496445542225
0.0,0.0,3,1.0,0.0,7.4017616215032165,30.0,1.0,0.0,1.0,1.8569419217493552
1.0,0.0,0,0.0,0.0,6.070304348895384,30.0,0.0,0.0,0.0,1.8648927432434814
1.0,1.0,3,1.0,0.0,5.749640380710735,30.0,1.0,2.0,0.0,1.8634545045733784
1.0,1.0,0,1.0,0.0,7.710180249492339,30.0,1.0,0.0,0.0,1.8726355752038828
1.0,0.0,0,1.0,0.0,6.317816096457727,30.0,1.0,1.0,1.0,1.8611399025156092
0.0,0.0,1,1.0,0.0,6.557014548077812,3.0,1.0,1.0,0.0,1.8585933533759402
0.0,0.0,0,1.0,0.0,6.138816367075343,30.0,1.0,0.0,1.0,1.8665329699512636
1.0,0.0,0,1.0,1.0,6.243267122915216,30.0,1.0,1.0,1.0,1.8632830157865181
1.0,0.0,0,1.0,0.0,6.513800876328528,30.0,1.0,0.0,1.0,1.8669433272600031
1.0,1.0,2,1.0,0.0,6.502836558784209,30.0,1.0,1.0,1.0,1.8649734811027634
1.0,1.0,3,1.0,0.0,6.60964167199906,30.0,0.0,2.0,1.0,1.865051626423912
0.0,0.0,0,1.0,0.0,6.329947751539231,30.0,1.0,0.0,0.0,1.8583516888162086
0.0,0.0,1,1.0,0.0,5.681328568446479,30.0,1.0,2.0,1.0,1.8615887189169475
0.0,0.0,0,1.0,0.0,4.0503664052484085,30.0,1.0,2.0,1.0,1.8576177220969226
1.0,1.0,0,1.0,0.0,6.341998787136841,30.0,1.0,2.0,1.0,1.8700243304355655
1.0,0.0,0,1.0,0.0,6.21771744481677,30.0,1.0,0.0,1.0,1.8622239000108982
1.0,1.0,0,1.0,0.0,6.502836558784209,30.0,1.0,1.0,1.0,1.8625816666933113
1.0,1.0,2,1.0,0.0,5.681328568446479,30.0,1.0,1.0,1.0,1.8600456881552592
1.0,1.0,1,1.0,0.0,6.070304348895384,30.0,1.0,1.0,1.0,1.861985209958259
1.0,1.0,0,1.0,0.0,7.042777082515311,30.0,1.0,1.0,1.0,1.8666156852703486
1.0,1.0,0,1.0,0.0,5.497783788283398,30.0,1.0,2.0,1.0,1.861502100559939
1.0,1.0,0,1.0,0.0,8.36016934221717,30.0,1.0,1.0,1.0,1.871802304815529
1.0,0.0,1,0.0,1.0,6.5887709259774985,30.0,0.0,2.0,0.0,1.8655614319153935
1.0,1.0,0,1.0,0.0,6.027898767330806,30.0,1.0,1.0,1.0,1.862312041908072
1.0,1.0,2,1.0,0.0,5.458611495415851,15.0,1.0,2.0,1.0,1.857825823335025
0.0,0.0,0,1.0,0.0,4.9006881138830884,30.0,1.0,2.0,1.0,1.8585782091456136
1.0,0.0,0,1.0,0.0,5.663824025419637,30.0,1.0,0.0,1.0,1.865156947044567
0.0,0.0,0,1.0,1.0,5.831442135506376,25.0,1.0,1.0,0.0,1.8612716222669023
1.0,1.0,0,1.0,0.0,6.138816367075343,30.0,1.0,0.0,1.0,1.8643135012909626
0.0,0.0,0,1.0,0.0,6.070304348895384,30.0,1.0,1.0,1.0,1.860727834629167
1.0,0.0,0,1.0,0.0,6.870558466469408,30.0,1.0,0.0,1.0,1.8688470955232563
1.0,1.0,0,1.0,0.0,6.377679285924977,30.0,1.0,0.0,1.0,1.8639240393668848
1.0,1.0,2,1.0,0.0,6.230537555004525,30.0,0.0,1.0,0.0,1.8614941768805209
1.0,1.0,2,1.0,0.0,6.317816096457727,30.0,1.0,2.0,1.0,1.8622788155255308
0.0,0.0,0,1.0,0.0,6.424190092266649,40.0,0.0,2.0,0.0,1.8637832739102083
1.0,1.0,0,1.0,0.0,6.730146443586934,30.0,1.0,1.0,1.0,1.8643365495866062
1.0,1.0,3,1.0,0.0,5.999056670159687,30.0,1.0,2.0,1.0,1.864245665717732
1.0,1.0,1,1.0,0.0,6.984274434388326,30.0,1.0,1.0,1.0,1.8661143667947404
0.0,1.0,1,1.0,0.0,6.329947751539231,30.0,1.0,2.0,1.0,1.8621661555496323
0.0,0.0,0,1.0,0.0,6.513800876328528,40.0,1.0,0.0,0.0,1.866942169067744
1.0,1.0,1,1.0,0.0,6.042146377176035,30.0,1.0,2.0,0.0,1.8627974365160904
1.0,1.0,0,0.0,0.0,5.7328113667721565,30.0,0.0,2.0,0.0,1.8623285986605065
1.0,1.0,0,0.0,0.0,5.924831988837541,30.0,1.0,1.0,1.0,1.8620664494050287
0.0,0.0,0,1.0,0.0,6.293306314558071,30.0,1.0,0.0,1.0,1.862931233475488
1.0,1.0,1,1.0,0.0,5.782820450583205,30.0,1.0,2.0,1.0,1.8583905018135225
1.0,0.0,0,1.0,0.0,6.389418836691364,30.0,1.0,0.0,1.0,1.865592043812196
0.0,0.0,0,1.0,0.0,6.329947751539231,30.0,1.0,0.0,1.0,1.863804384271803
0.0,0.0,0,1.0,0.0,5.909606245765788,30.0,0.0,2.0,0.0,1.8611232780701996
1.0,0.0,0,1.0,0.0,8.537453598566723,30.0,1.0,0.0,0.0,1.8736521131784842
0.0,0.0,0,1.0,0.0,5.573553034706746,30.0,1.0,1.0,1.0,1.8561530593348423
1.0,0.0,0,0.0,0.0,6.013536190349735,30.0,1.0,1.0,1.0,1.8636179061128915
0.0,0.0,0,1.0,0.0,4.954957531021348,30.0,1.0,0.0,1.0,1.8538718064718043
1.0,1.0,0,1.0,0.0,6.599235836836599,30.0,1.0,0.0,0.0,1.8612689009994707
1.0,1.0,1,0.0,0.0,6.013536190349735,15.0,1.0,2.0,1.0,1.8630154734926727
1.0,1.0,2,1.0,0.0,6.138816367075343,30.0,1.0,1.0,1.0,1.8594422479122636
1.0,1.0,1,1.0,1.0,6.557014548077812,30.0,1.0,0.0,0.0,1.8692315793395415
1.0,1.0,0,1.0,0.0,6.070304348895384,30.0,1.0,1.0,1.0,1.8619230674639269
1.0,1.0,3,1.0,0.0,6.191800084439305,30.0,1.0,1.0,1.0,1.861832661619958
1.0,1.0,3,1.0,0.0,7.686749328885605,30.0,1.0,0.0,1.0,1.8719745250757978
1.0,1.0,1,1.0,1.0,8.090475204274751,30.0,0.0,0.0,0.0,1.8713877082073953
1.0,0.0,0,1.0,0.0,6.268459959403866,30.0,0.0,0.0,1.0,1.8627485593902648
1.0,1.0,0,1.0,1.0,6.843308056783503,30.0,1.0,1.0,1.0,1.867426940977706
0.0,1.0,0,1.0,0.0,5.999056670159687,30.0,1.0,2.0,0.0,1.8659916875765432
0.0,0.0,0,1.0,0.0,5.225480364084727,30.0,1.0,2.0,1.0,1.8538279463469822
1.0,0.0,1,1.0,0.0,6.098024934261257,30.0,1.0,2.0,1.0,1.8651037193254068
1.0,0.0,0,1.0,0.0,5.815384052420497,30.0,1.0,1.0,1.0,1.856241889354538
1.0,0.0,0,1.0,0.0,5.313991882675004,30.0,1.0,2.0,1.0,1.8557271522588963
1.0,1.0,0,1.0,0.0,8.575696725045756,15.0,1.0,2.0,1.0,1.8780786730479253
1.0,1.0,1,1.0,1.0,6.824918063886411,15.0,1.0,2.0,1.0,1.8703441125602749
1.0,1.0,1,1.0,0.0,6.60964167199906,30.0,1.0,0.0,1.0,1.8647164793732962
1.0,1.0,2,1.0,1.0,6.768635588009948,30.0,1.0,0.0,1.0,1.8664072979272808
0.0,0.0,0,1.0,0.0,5.313991882675004,30.0,1.0,1.0,1.0,1.860832190355782
1.0,1.0,3,0.0,0.0,6.739843669035032,30.0,1.0,0.0,0.0,1.8610424187381793
0.0,0.0,0,1.0,0.0,4.663754550467683,30.0,1.0,0.0,0.0,1.8530320414007717
1.0,1.0,1,0.0,0.0,6.5887709259774985,30.0,1.0,2.0,1.0,1.864452337982087
1.0,1.0,3,0.0,0.0,5.37747637482332,30.0,1.0,1.0,1.0,1.8573429722118246
1.0,1.0,2,1.0,0.0,6.2048054220362925,30.0,1.0,0.0,1.0,1.8627396366572684
1.0,1.0,0,1.0,0.0,6.60964167199906,30.0,1.0,1.0,1.0,1.8628371796467438
1.0,1.0,0,0.0,0.0,6.524700029460166,30.0,0.0,0.0,0.0,1.865949318825821
1.0,1.0,2,0.0,0.0,6.21771744481677,30.0,1.0,2.0,1.0,1.8634565207770701
1.0,1.0,0,1.0,0.0,6.870558466469408,30.0,1.0,0.0,1.0,1.8683051394790122
1.0,1.0,0,1.0,0.0,7.208178964748635,30.0,1.0,1.0,1.0,1.8684895903373477
1.0,0.0,0,1.0,0.0,7.733335290504503,30.0,1.0,0.0,0.0,1.8710311447893913
1.0,1.0,3,1.0,0.0,5.766309011039522,30.0,1.0,0.0,1.0,1.862363951527069
0.0,1.0,0,1.0,1.0,5.924831988837541,30.0,0.0,0.0,0.0,1.8639409614620837
0.0,1.0,0,1.0,0.0,6.268459959403866,30.0,1.0,1.0,1.0,1.8562074437011569
0.0,0.0,0,1.0,0.0,6.0842184171510105,15.0,1.0,2.0,1.0,1.8597643369772439
1.0,1.0,2,1.0,0.0,6.660808764909213,30.0,1.0,0.0,1.0,1.8702444369282625
1.0,1.0,1,1.0,0.0,5.225480364084727,30.0,1.0,2.0,0.0,1.8599658310671536
1.0,1.0,0,0.0,0.0,5.847354876514337,40.0,0.0,2.0,0.0,1.8621661555496323
1.0,1.0,3,1.0,0.0,6.984274434388326,30.0,1.0,1.0,1.0,1.86779277317378
0.0,0.0,1,1.0,0.0,5.517040456019043,30.0,1.0,1.0,0.0,1.8623025640435986
1.0,1.0,2,1.0,0.0,7.267598636068553,30.0,1.0,1.0,1.0,1.868113949167937
1.0,1.0,0,1.0,0.0,6.268459959403866,30.0,1.0,2.0,1.0,1.8663856639399525
1.0,0.0,0,1.0,1.0,6.401083150986184,30.0,1.0,0.0,1.0,1.8660432208664046
1.0,0.0,0,0.0,0.0,6.30560267484538,30.0,1.0,0.0,0.0,1.8651647370357383
1.0,0.0,0,1.0,0.0,5.782820450583205,40.0,1.0,1.0,0.0,1.8538279463469822
1.0,1.0,1,1.0,0.0,6.759087697649039,30.0,1.0,1.0,1.0,1.8653322093522027
1.0,1.0,0,1.0,0.0,8.858609235593537,30.0,1.0,0.0,0.0,1.874686374259222
0.0,0.0,0,1.0,1.0,4.928044873327801,30.0,1.0,1.0,1.0,1.8722699083907282
1.0,1.0,2,1.0,0.0,6.557014548077812,30.0,1.0,1.0,1.0,1.8633221768882333
1.0,1.0,2,1.0,1.0,8.109619544831336,25.0,1.0,0.0,1.0,1.8727735401535026
1.0,0.0,1,1.0,0.0,6.013536190349735,15.0,0.0,2.0,0.0,1.863036912886012
0.0,0.0,0,1.0,0.0,5.999056670159687,30.0,1.0,2.0,1.0,1.8610115257858366
1.0,1.0,0,1.0,0.0,6.138816367075343,15.0,1.0,2.0,1.0,1.8643771314125193
1.0,1.0,3,1.0,0.0,6.268459959403866,30.0,1.0,0.0,1.0,1.871432764672447
1.0,0.0,0,1.0,0.0,5.313991882675004,40.0,1.0,2.0,0.0,1.85687792263783
1.0,1.0,2,1.0,0.0,6.268459959403866,30.0,1.0,2.0,1.0,1.8637331147858247
1.0,1.0,0,1.0,0.0,6.243267122915216,30.0,1.0,1.0,1.0,1.8645387181385316
1.0,0.0,0,1.0,0.0,7.663035496807867,30.0,1.0,1.0,1.0,1.8693599642468437
0.0,0.0,0,1.0,0.0,6.567661014043746,30.0,1.0,2.0,1.0,1.8648192000743822
1.0,0.0,0,1.0,1.0,6.243267122915216,30.0,1.0,2.0,1.0,1.8664917950668678
1.0,1.0,2,1.0,0.0,5.847354876514337,30.0,1.0,2.0,0.0,1.8619205709343967
1.0,0.0,1,1.0,0.0,6.042146377176035,15.0,1.0,2.0,1.0,1.8592694015725197
1.0,0.0,0,0.0,0.0,6.293306314558071,30.0,1.0,1.0,1.0,1.8601905966887475
1.0,1.0,0,1.0,0.0,6.341998787136841,30.0,1.0,2.0,1.0,1.8623663023060895
1.0,1.0,0,1.0,0.0,6.2048054220362925,30.0,1.0,0.0,1.0,1.8639183892291769
1.0,0.0,3,1.0,0.0,6.8524356786469625,30.0,1.0,0.0,1.0,1.8685622579252694
1.0,1.0,3,1.0,0.0,7.533593808255408,30.0,1.0,0.0,1.0,1.8688438452627252
1.0,1.0,2,0.0,0.0,6.042146377176035,15.0,1.0,1.0,1.0,1.8590964753873376
1.0,1.0,2,1.0,0.0,6.042146377176035,30.0,1.0,2.0,1.0,1.86175392638643
0.0,0.0,0,1.0,0.0,5.313991882675004,30.0,0.0,2.0,0.0,1.857373434800937
1.0,1.0,0,1.0,0.0,5.766309011039522,30.0,1.0,2.0,1.0,1.8617334726888355
1.0,0.0,0,0.0,0.0,5.984458178373529,30.0,1.0,0.0,1.0,1.864067461065397
0.0,0.0,0,1.0,0.0,5.89424815065021,30.0,0.0,1.0,0.0,1.8578801752159024
1.0,1.0,2,0.0,0.0,4.631571715003144,15.0,0.0,2.0,0.0,1.856013198479455
1.0,0.0,0,0.0,0.0,5.179425986910779,25.0,1.0,0.0,0.0,1.855313984572755
1.0,0.0,0,1.0,0.0,5.89424815065021,30.0,1.0,1.0,1.0,1.8741861954854078
0.0,0.0,0,0.0,0.0,4.872871493221599,30.0,1.0,1.0,1.0,1.8497774644943386
0.0,0.0,0,1.0,1.0,6.932643411958493,30.0,1.0,0.0,0.0,1.8668251489882082
0.0,0.0,0,1.0,0.0,6.070304348895384,30.0,1.0,1.0,1.0,1.861872977271665
1.0,1.0,0,0.0,0.0,6.070304348895384,30.0,1.0,2.0,1.0,1.8619230674639269
0.0,0.0,0,0.0,0.0,5.202610204314605,30.0,1.0,0.0,1.0,1.851850390188876
1.0,1.0,1,1.0,0.0,6.524700029460166,25.0,0.0,1.0,0.0,1.8677588746047797
1.0,1.0,3,1.0,0.0,8.012017372273666,30.0,0.0,0.0,0.0,1.8787293652205361
0.0,0.0,1,0.0,1.0,5.107894400233468,30.0,1.0,1.0,0.0,1.8599401100062283
1.0,1.0,0,0.0,0.0,7.131207033900868,30.0,0.0,0.0,0.0,1.864975085511959
1.0,1.0,0,0.0,0.0,5.999056670159687,30.0,1.0,0.0,1.0,1.861186811481814
0.0,1.0,0,0.0,0.0,6.787585772070127,30.0,0.0,1.0,0.0,1.8637234263239018
0.0,0.0,0,1.0,0.0,5.058455115694344,30.0,1.0,2.0,1.0,1.8565320650196508
0.0,0.0,1,1.0,0.0,6.60964167199906,30.0,1.0,2.0,0.0,1.8544372626875176
1.0,1.0,2,1.0,1.0,7.289414402388104,30.0,1.0,2.0,0.0,1.8739844566637145
1.0,1.0,0,1.0,0.0,6.027898767330806,30.0,1.0,0.0,1.0,1.8597148332908835
1.0,1.0,0,1.0,0.0,6.365863466860942,30.0,1.0,1.0,1.0,1.862158905515275
1.0,1.0,0,1.0,0.0,6.365863466860942,30.0,1.0,0.0,1.0,1.8645318494942675
1.0,1.0,0,1.0,0.0,5.847354876514337,30.0,1.0,2.0,1.0,1.8588099920376218
1.0,1.0,0,1.0,0.0,5.782820450583205,30.0,1.0,1.0,1.0,1.871925723218287
1.0,1.0,0,1.0,0.0,6.152209660452922,30.0,1.0,0.0,1.0,1.866234584898458
0.0,0.0,1,0.0,0.0,5.517040456019043,30.0,1.0,0.0,0.0,1.862019783997743
1.0,1.0,2,1.0,0.0,6.30560267484538,30.0,1.0,1.0,1.0,1.8647114673849277
1.0,1.0,0,1.0,0.0,5.628277265427456,30.0,1.0,0.0,1.0,1.856247388993052
1.0,0.0,0,0.0,0.0,5.058455115694344,15.0,1.0,2.0,1.0,1.8551061481284734
0.0,0.0,1,1.0,1.0,6.502836558784209,30.0,1.0,1.0,1.0,1.868073545987683
1.0,0.0,0,1.0,0.0,5.924831988837541,30.0,0.0,0.0,0.0,1.865592043812196
1.0,0.0,0,1.0,0.0,8.225318043092841,30.0,1.0,1.0,1.0,1.871010259970357
1.0,1.0,0,1.0,0.0,6.424190092266649,30.0,1.0,1.0,1.0,1.8624014733108591
1.0,0.0,0,1.0,0.0,5.847354876514337,30.0,1.0,2.0,1.0,1.859554389000981
1.0,0.0,0,1.0,0.0,4.786491420413053,30.0,1.0,1.0,1.0,1.8596450230700818
1.0,0.0,0,1.0,1.0,6.870558466469408,30.0,0.0,2.0,0.0,1.869534756030971
0.0,1.0,0,0.0,1.0,6.365863466860942,30.0,1.0,0.0,1.0,1.8664604082386431
1.0,0.0,0,1.0,0.0,6.870558466469408,30.0,1.0,1.0,1.0,1.8681670362718992
1.0,1.0,0,1.0,0.0,6.8063452619973255,30.0,1.0,0.0,1.0,1.8690274014602948
1.0,0.0,3,0.0,0.0,6.480709102464931,30.0,1.0,1.0,1.0,1.8658761878562717
1.0,0.0,1,1.0,0.0,6.524700029460166,30.0,1.0,1.0,1.0,1.8763950590884193
1.0,1.0,1,1.0,1.0,6.268459959403866,30.0,1.0,0.0,1.0,1.8621902708805542
1.0,1.0,2,0.0,0.0,5.999056670159687,30.0,1.0,0.0,1.0,1.8621322608420172
1.0,1.0,0,1.0,0.0,4.928044873327801,30.0,1.0,0.0,0.0,1.8627440994134223
1.0,1.0,2,1.0,0.0,6.502836558784209,30.0,0.0,0.0,0.0,1.8630390532499232
1.0,1.0,2,0.0,0.0,6.2048054220362925,30.0,0.0,0.0,0.0,1.8589017021508925
1.0,1.0,0,1.0,0.0,6.491806248870134,30.0,0.0,0.0,0.0,1.8642725258939334
1.0,1.0,0,1.0,0.0,5.681328568446479,15.0,0.0,0.0,1.0,1.8628195433548904
1.0,0.0,0,1.0,1.0,5.573553034706746,30.0,1.0,1.0,1.0,1.8663882132391323
1.0,1.0,2,1.0,0.0,5.782820450583205,30.0,1.0,1.0,1.0,1.8599143073517121
1.0,1.0,0,1.0,0.0,6.1117256402240185,30.0,1.0,2.0,1.0,1.8612279658160056
1.0,1.0,0,1.0,0.0,6.739843669035032,30.0,1.0,2.0,0.0,1.8652590087840246
1.0,0.0,2,1.0,0.0,6.341998787136841,30.0,1.0,0.0,1.0,1.8613716355848313
1.0,1.0,0,1.0,0.0,6.60964167199906,30.0,1.0,1.0,0.0,1.86779277317378
1.0,1.0,3,1.0,0.0,6.243267122915216,15.0,1.0,2.0,1.0,1.8671681177928527
1.0,1.0,0,1.0,0.0,6.53553483038545,30.0,1.0,0.0,1.0,1.8633590747570683
0.0,0.0,1,0.0,0.0,6.293306314558071,30.0,1.0,1.0,1.0,1.8633344979401059
1.0,0.0,0,1.0,0.0,5.815384052420497,30.0,0.0,1.0,0.0,1.8608494486321754
1.0,0.0,0,1.0,0.0,6.389418836691364,30.0,1.0,0.0,1.0,1.8648192000743822
1.0,1.0,3,0.0,0.0,5.292293121367772,15.0,0.0,2.0,0.0,1.8620320929052698
1.0,1.0,0,1.0,0.0,5.999056670159687,30.0,1.0,1.0,1.0,1.87260447547072
0.0,1.0,2,0.0,0.0,5.815384052420497,30.0,1.0,1.0,1.0,1.8571401986616096
1.0,1.0,0,1.0,0.0,5.999056670159687,30.0,1.0,2.0,0.0,1.8659916875765432
1.0,1.0,1,1.0,1.0,6.630278901080919,30.0,1.0,1.0,1.0,1.8639952010746252
1.0,1.0,1,0.0,0.0,6.042146377176035,15.0,0.0,0.0,0.0,1.8608120074724463
1.0,1.0,3,1.0,0.0,5.847354876514337,30.0,1.0,1.0,1.0,1.8622262962104872
1.0,0.0,2,1.0,0.0,6.630278901080919,30.0,1.0,0.0,1.0,1.8693650885990223
1.0,1.0,2,1.0,1.0,6.502836558784209,30.0,1.0,0.0,1.0,1.8728843218062972
1.0,1.0,2,1.0,0.0,7.2232077430152755,25.0,1.0,1.0,1.0,1.8679068516757833
1.0,1.0,2,1.0,0.0,6.293306314558071,30.0,0.0,1.0,0.0,1.8623545408274098
1.0,1.0,1,1.0,1.0,5.6102271951876315,30.0,1.0,1.0,1.0,1.8732979821344187
0.0,0.0,0,0.0,0.0,6.546306075960296,30.0,1.0,0.0,1.0,1.861360886154687
1.0,1.0,3,0.0,0.0,6.042146377176035,30.0,1.0,0.0,1.0,1.8569964250365105
1.0,1.0,0,1.0,0.0,6.243267122915216,30.0,1.0,1.0,1.0,1.8634201389096663
1.0,1.0,0,1.0,0.0,7.25291569032642,30.0,1.0,1.0,1.0,1.8698206076715862
1.0,1.0,2,1.0,0.0,7.339374561167886,30.0,1.0,1.0,1.0,1.8677917791803256
1.0,1.0,1,0.0,0.0,6.280925817610443,30.0,1.0,0.0,1.0,1.861478304681411
1.0,0.0,2,1.0,0.0,5.497783788283398,30.0,0.0,0.0,0.0,1.858839446920943
1.0,1.0,1,1.0,0.0,8.613243685470122,30.0,1.0,2.0,0.0,1.8731284898657827
1.0,1.0,2,1.0,1.0,6.60964167199906,30.0,1.0,1.0,1.0,1.8658288056155992
1.0,0.0,0,1.0,0.0,5.398123578596906,30.0,1.0,2.0,0.0,1.8534114955733658
1.0,0.0,0,0.0,0.0,5.999056670159687,30.0,1.0,0.0,1.0,1.8593528151653214
0.0,0.0,0,0.0,1.0,7.185411793621415,30.0,1.0,1.0,1.0,1.8727954443050845
1.0,1.0,0,1.0,0.0,6.125322232434318,30.0,0.0,0.0,0.0,1.8644017117194502
0.0,1.0,1,1.0,0.0,5.924831988837541,7.0,1.0,1.0,1.0,1.8610564204015336
1.0,1.0,0,0.0,0.0,5.954895893530718,30.0,1.0,0.0,1.0,1.861225229033151
1.0,1.0,1,1.0,1.0,5.766309011039522,30.0,1.0,1.0,1.0,1.8560433429276426
1.0,0.0,0,1.0,0.0,7.059164995717341,30.0,0.0,0.0,0.0,1.8697306132525242
0.0,0.0,0,1.0,0.0,6.042146377176035,40.0,1.0,0.0,1.0,1.8613014926504845
0.0,0.0,0,1.0,0.0,5.847354876514337,30.0,1.0,1.0,1.0,1.8572817372746604
1.0,1.0,2,1.0,0.0,7.050988768640648,30.0,1.0,1.0,1.0,1.8695860510031506
1.0,1.0,0,0.0,0.0,6.191800084439305,25.0,1.0,1.0,1.0,1.863548635348491
1.0,1.0,2,1.0,0.0,7.318121812946658,30.0,1.0,0.0,1.0,1.867371408574667
1.0,0.0,0,1.0,0.0,5.782820450583205,30.0,1.0,2.0,0.0,1.8589707457391988
1.0,1.0,0,1.0,1.0,6.879554528421178,30.0,1.0,2.0,1.0,1.8639259216960196
0.0,0.0,1,1.0,0.0,4.460305464471514,30.0,1.0,2.0,1.0,1.871202950446676
1.0,0.0,0,0.0,0.0,5.847354876514337,30.0,1.0,0.0,0.0,1.8626768646317666
1.0,1.0,1,1.0,0.0,7.367351553163014,30.0,1.0,1.0,1.0,1.8675228013177774
1.0,1.0,2,1.0,0.0,6.480709102464931,30.0,1.0,2.0,1.0,1.863590281571432
1.0,1.0,0,1.0,0.0,5.292293121367772,15.0,1.0,1.0,0.0,1.868233339507438
1.0,0.0,0,1.0,0.0,7.750524606513437,30.0,1.0,0.0,0.0,1.8688251155407485
1.0,1.0,3,1.0,0.0,6.502836558784209,30.0,1.0,0.0,1.0,1.8661396678254627
0.0,1.0,2,1.0,0.0,6.042146377176035,40.0,1.0,1.0,1.0,1.859255418015803
1.0,1.0,0,0.0,0.0,6.1786999968866265,30.0,0.0,1.0,0.0,1.862652053266734
1.0,0.0,0,1.0,0.0,6.8524356786469625,30.0,1.0,1.0,0.0,1.8657329219667471
0.0,0.0,0,0.0,0.0,5.766309011039522,30.0,1.0,0.0,0.0,1.8582813854710347
1.0,1.0,2,0.0,0.0,4.631571715003144,30.0,1.0,1.0,1.0,1.8601530446620396
1.0,0.0,0,1.0,0.0,4.928044873327801,30.0,1.0,1.0,1.0,1.8538279463469822
1.0,1.0,3,1.0,1.0,5.847354876514337,30.0,1.0,0.0,1.0,1.8664085680449556
1.0,1.0,2,1.0,1.0,8.537453598566723,30.0,1.0,0.0,1.0,1.8720203363949857
1.0,1.0,2,1.0,1.0,8.202702756753862,30.0,1.0,0.0,1.0,1.8728718933390225
1.0,1.0,0,1.0,0.0,5.999056670159687,30.0,1.0,1.0,1.0,1.8596383434856554
1.0,1.0,1,0.0,0.0,6.619989131068363,30.0,0.0,1.0,1.0,1.865896974934243
1.0,0.0,1,0.0,0.0,5.749640380710735,30.0,1.0,1.0,1.0,1.8602991320074835
1.0,0.0,0,0.0,0.0,6.268459959403866,30.0,1.0,1.0,1.0,1.8659903254713777
1.0,1.0,3,1.0,0.0,5.847354876514337,30.0,1.0,2.0,1.0,1.8611730443345338
1.0,0.0,2,1.0,0.0,5.999056670159687,30.0,0.0,0.0,0.0,1.8589888220138062
0.0,0.0,0,0.0,1.0,6.2048054220362925,30.0,1.0,2.0,1.0,1.8730781927214175
1.0,0.0,0,0.0,0.0,6.21771744481677,30.0,1.0,0.0,1.0,1.861985209958259
1.0,1.0,0,1.0,0.0,7.82332834914037,30.0,1.0,2.0,1.0,1.869260817104967
1.0,0.0,2,1.0,0.0,5.954895893530718,30.0,1.0,1.0,1.0,1.8590929089785602
1.0,1.0,0,0.0,0.0,5.202610204314605,30.0,1.0,0.0,0.0,1.858486780408033
1.0,1.0,3,1.0,0.0,6.5782462269401,15.0,1.0,0.0,1.0,1.8654701606761552
0.0,1.0,1,1.0,0.0,6.389418836691364,15.0,1.0,1.0,1.0,1.8668393182161565
0.0,0.0,0,1.0,0.0,5.831442135506376,30.0,0.0,1.0,0.0,1.851267634339771
0.0,0.0,1,1.0,0.0,5.766309011039522,30.0,1.0,1.0,1.0,1.8592168423971853
1.0,1.0,1,0.0,0.0,6.243267122915216,30.0,1.0,2.0,1.0,1.862396793642916
1.0,1.0,0,1.0,0.0,6.557014548077812,30.0,1.0,0.0,1.0,1.8622906994173416
1.0,0.0,0,0.0,0.0,5.497783788283398,3.0,1.0,1.0,0.0,1.8581151059732581
1.0,0.0,0,1.0,0.0,6.447007951551279,30.0,1.0,0.0,1.0,1.8612498250631075
0.0,0.0,0,1.0,0.0,5.89424815065021,30.0,0.0,1.0,0.0,1.862931233475488
1.0,1.0,0,1.0,0.0,5.999056670159687,30.0,1.0,0.0,1.0,1.8624851963622229
1.0,1.0,1,1.0,0.0,6.5887709259774985,30.0,1.0,2.0,1.0,1.8657115672648656
1.0,1.0,0,0.0,0.0,6.815654753592774,30.0,0.0,2.0,0.0,1.862452751954391
1.0,1.0,0,1.0,0.0,6.293306314558071,15.0,0.0,0.0,0.0,1.867299029400192
1.0,1.0,1,1.0,0.0,3.8507973070894286,30.0,1.0,1.0,1.0,1.865592043812196
1.0,1.0,3,1.0,1.0,7.435569652357967,30.0,1.0,1.0,1.0,1.8693349975362867
1.0,1.0,0,1.0,0.0,6.630278901080919,30.0,1.0,1.0,1.0,1.8656729404571648
0.0,1.0,0,1.0,0.0,6.824918063886411,30.0,1.0,1.0,1.0,1.865571652739397
1.0,1.0,2,0.0,0.0,5.9697386324104675,30.0,1.0,1.0,1.0,1.8600995447398803
0.0,1.0,1,1.0,1.0,8.955539930921892,30.0,1.0,1.0,1.0,1.8734550469090598
1.0,1.0,0,1.0,0.0,7.075412355022652,30.0,1.0,0.0,1.0,1.867425878275895
1.0,0.0,0,0.0,1.0,6.293306314558071,30.0,1.0,1.0,1.0,1.8644818351200694
1.0,1.0,2,1.0,0.0,7.422117261061393,30.0,0.0,2.0,0.0,1.868236084104336
1.0,0.0,0,1.0,0.0,5.292293121367772,30.0,1.0,2.0,1.0,1.858014610339111
1.0,1.0,3,1.0,0.0,6.1786999968866265,30.0,0.0,0.0,0.0,1.864652706180992
0.0,0.0,0,1.0,0.0,2.4570049592792795,30.0,1.0,2.0,0.0,1.8530320414007717
1.0,1.0,0,1.0,0.0,5.909606245765788,30.0,0.0,2.0,0.0,1.8634140566344215
1.0,1.0,1,1.0,0.0,6.86151899804593,30.0,1.0,2.0,1.0,1.8632850823919955
1.0,1.0,0,1.0,0.0,6.660808764909213,30.0,0.0,2.0,0.0,1.8656887066527061
1.0,1.0,2,1.0,0.0,7.533593808255408,30.0,1.0,2.0,1.0,1.8725955421143317
1.0,1.0,2,0.0,0.0,6.870558466469408,40.0,1.0,1.0,0.0,1.8671792370883455
1.0,1.0,3,1.0,0.0,6.502836558784209,30.0,1.0,1.0,0.0,1.8654538262809286
1.0,1.0,2,1.0,0.0,5.9697386324104675,7.0,1.0,2.0,1.0,1.859103603679528
1.0,1.0,0,1.0,0.0,6.341998787136841,30.0,0.0,1.0,0.0,1.863548635348491
1.0,0.0,0,1.0,0.0,5.999056670159687,30.0,1.0,2.0,1.0,1.8647663869388968
1.0,1.0,1,1.0,0.0,5.954895893530718,30.0,1.0,0.0,1.0,1.860400135651034
1.0,0.0,0,1.0,0.0,6.619989131068363,30.0,1.0,2.0,1.0,1.864979896322919
1.0,1.0,2,1.0,0.0,7.02624602371874,30.0,1.0,1.0,1.0,1.8656499353738296
1.0,0.0,0,1.0,0.0,5.681328568446479,30.0,1.0,2.0,0.0,1.8761847341792501
0.0,1.0,0,1.0,0.0,4.308800729936894,30.0,1.0,1.0,1.0,1.8573124065622981
1.0,1.0,1,1.0,0.0,6.458310840296316,30.0,0.0,0.0,0.0,1.8622573758056966
1.0,1.0,1,1.0,0.0,6.730146443586934,7.0,1.0,0.0,0.0,1.8666352656799812
1.0,1.0,0,1.0,0.0,5.909606245765788,30.0,1.0,2.0,1.0,1.8597840550566984
0.0,0.0,0,0.0,0.0,5.292293121367772,30.0,1.0,1.0,1.0,1.851480984309055
1.0,0.0,0,1.0,0.0,5.749640380710735,30.0,1.0,1.0,1.0,1.8623663023060895
1.0,1.0,2,1.0,1.0,5.939927764779835,30.0,0.0,1.0,0.0,1.8551557731752626
1.0,1.0,0,1.0,0.0,4.954957531021348,15.0,1.0,1.0,1.0,1.865468677502983
1.0,1.0,2,1.0,1.0,7.02624602371874,20.0,1.0,1.0,0.0,1.8648192000743822
1.0,0.0,3,1.0,1.0,7.639031444094551,30.0,1.0,1.0,1.0,1.8687229263082146
1.0,1.0,0,1.0,0.0,6.412673239479915,15.0,1.0,0.0,1.0,1.8664817695405278
1.0,1.0,0,1.0,1.0,7.435569652357967,30.0,1.0,2.0,1.0,1.872402873281889
1.0,0.0,0,0.0,0.0,5.999056670159687,30.0,1.0,0.0,1.0,1.8598298800149915
1.0,1.0,2,0.0,1.0,6.870558466469408,30.0,1.0,0.0,0.0,1.8667561680183484
1.0,0.0,0,1.0,0.0,5.64614154505715,30.0,0.0,1.0,0.0,1.856493891117035
1.0,1.0,0,1.0,1.0,6.8063452619973255,30.0,1.0,0.0,1.0,1.8692036791188185
1.0,1.0,2,1.0,0.0,6.915113365095852,30.0,1.0,2.0,1.0,1.8644471188215244
1.0,1.0,0,0.0,0.0,6.557014548077812,30.0,1.0,0.0,1.0,1.8642814551706788
1.0,1.0,3,1.0,0.0,6.243267122915216,30.0,1.0,2.0,1.0,1.8643117250142272
1.0,0.0,0,1.0,0.0,6.730146443586934,30.0,1.0,0.0,1.0,1.867425878275895
0.0,1.0,1,1.0,0.0,8.5983067286177,30.0,1.0,1.0,1.0,1.8705382329015905
1.0,1.0,1,1.0,0.0,6.739843669035032,30.0,1.0,1.0,1.0,1.864652706180992
1.0,1.0,2,0.0,0.0,6.5782462269401,30.0,1.0,0.0,1.0,1.863746655544657
1.0,1.0,0,1.0,0.0,5.9697386324104675,30.0,1.0,0.0,1.0,1.8633160081735554
0.0,0.0,0,1.0,0.0,5.313991882675004,30.0,1.0,0.0,1.0,1.8560683903316675
1.0,1.0,3,1.0,0.0,4.460305464471514,15.0,1.0,0.0,1.0,1.8606751321988644
1.0,1.0,1,1.0,0.0,7.388071101991327,30.0,1.0,2.0,1.0,1.8677708630433953
1.0,1.0,2,1.0,0.0,6.870558466469408,30.0,1.0,2.0,1.0,1.866990611641347
0.0,0.0,0,1.0,1.0,6.30560267484538,30.0,0.0,1.0,0.0,1.8619628984527516
